area,iso3,rows,first_year,last_year,crops
Albania,ALB,99,1990,2013,6
Algeria,DZA,114,1990,2013,5
Angola,AGO,164,1990,2013,8
Argentina,ARG,184,1990,2013,8
Armenia,ARM,63,1992,2013,3
Australia,AUS,161,1990,2013,7
Austria,AUT,96,1990,2013,5
Azerbaijan,AZE,116,1992,2013,6
Bahamas,BHS,67,1992,2013,4
Bahrain,BHR,29,1990,2013,2
Bangladesh,BGD,147,1990,2013,7
Belarus,BLR,63,1992,2013,3
Belgium,BEL,39,2000,2013,3
Botswana,BWA,64,1990,2013,3
Brazil,BRA,207,1990,2013,9
Bulgaria,BGR,138,1990,2013,6
Burkina Faso,BFA,184,1990,2013,8
Burundi,BDI,207,1990,2013,9
Cameroon,CMR,230,1990,2013,10
Canada,CAN,92,1990,2013,4
Central African Republic,CAF,161,1990,2013,7
Chile,CHL,115,1990,2013,5
Colombia,COL,207,1990,2013,9
Croatia,HRV,105,1992,2013,5
Denmark,DNK,50,1990,2013,3
Dominican Republic,DOM,184,1990,2013,8
Ecuador,ECU,207,1990,2013,9
Egypt,EGY,161,1990,2013,7
El Salvador,SLV,184,1990,2013,8
Eritrea,ERI,80,1993,2013,4
Estonia,EST,42,1992,2013,2
Finland,FIN,46,1990,2013,2
France,FRA,138,1990,2013,6
Germany,DEU,90,1990,2013,4
Ghana,GHA,155,1990,2013,7
Greece,GRC,161,1990,2013,7
Guatemala,GTM,204,1990,2013,9
Guinea,GIN,171,1990,2013,8
Guyana,GUY,124,1990,2013,6
Haiti,HTI,184,1990,2013,8
Honduras,HND,204,1990,2013,9
Hungary,HUN,138,1990,2013,6
India,IND,184,1990,2013,8
Indonesia,IDN,138,1990,2013,6
Iraq,IRQ,138,1990,2013,6
Ireland,IRL,46,1990,2013,2
Italy,ITA,161,1990,2013,7
Jamaica,JAM,161,1990,2013,7
Japan,JPN,161,1990,2013,7
Kazakhstan,KAZ,126,1992,2013,6
Kenya,KEN,230,1990,2013,10
Latvia,LVA,42,1992,2013,2
Lebanon,LBN,92,1990,2013,4
Lesotho,LSO,92,1990,2013,4
Libya,LBY,69,1990,2013,3
Lithuania,LTU,63,1992,2013,3
Madagascar,MDG,184,1990,2013,8
Malawi,MWI,171,1990,2013,8
Malaysia,MYS,93,1990,2013,5
Mali,MLI,207,1990,2013,9
Mauritania,MRT,161,1990,2013,7
Mauritius,MUS,101,1990,2013,5
Mexico,MEX,184,1990,2013,8
Montenegro,MNE,24,2006,2013,3
Morocco,MAR,161,1990,2013,7
Mozambique,MOZ,161,1990,2013,7
Namibia,NAM,82,1990,2013,4
Nepal,NPL,115,1990,2013,5
Netherlands,NLD,69,1990,2013,3
New Zealand,NZL,92,1990,2013,4
Nicaragua,NIC,183,1990,2013,8
Niger,NER,161,1990,2013,7
Norway,NOR,46,1990,2013,2
Pakistan,PAK,161,1990,2013,7
Papua New Guinea,PNG,161,1990,2013,7
Peru,PER,207,1990,2013,9
Poland,POL,78,1990,2013,4
Portugal,PRT,138,1990,2013,6
Qatar,QAT,69,1990,2013,3
Romania,ROU,138,1990,2013,6
Rwanda,RWA,207,1990,2013,9
Saudi Arabia,SAU,92,1990,2013,4
Senegal,SEN,138,1990,2013,6
Slovenia,SVN,84,1992,2013,4
South Africa,ZAF,161,1990,2013,7
Spain,ESP,161,1990,2013,7
Sri Lanka,LKA,184,1990,2013,8
Sudan,SDN,14,2012,2013,7
Suriname,SUR,138,1990,2013,6
Sweden,SWE,46,1990,2013,2
Switzerland,CHE,92,1990,2013,4
Tajikistan,TJK,125,1992,2013,6
Thailand,THA,161,1990,2013,7
Tunisia,TUN,69,1990,2013,3
Turkey,TUR,125,1990,2013,6
Uganda,UGA,207,1990,2013,9
Ukraine,UKR,126,1992,2013,6
United Kingdom,GBR,46,1990,2013,2
Uruguay,URY,161,1990,2013,7
Zambia,ZMB,184,1990,2013,8
Zimbabwe,ZWE,184,1990,2013,8
